username,password,fkUserId
loadtest001,LoadTest123,3
loadtest002,LoadTest123,4
loadtest003,LoadTest123,5
loadtest004,LoadTest123,6
loadtest005,LoadTest123,7
loadtest006,LoadTest123,8
loadtest007,LoadTest123,9
loadtest008,LoadTest123,10
loadtest009,LoadTest123,11
loadtest010,LoadTest123,12
loadtest011,LoadTest123,13
loadtest012,LoadTest123,14
loadtest013,LoadTest123,15
loadtest014,LoadTest123,16
loadtest015,LoadTest123,17
loadtest016,LoadTest123,18
loadtest017,LoadTest123,19
loadtest018,LoadTest123,20
loadtest019,LoadTest123,21
loadtest020,LoadTest123,22
loadtest021,LoadTest123,23
loadtest022,LoadTest123,24
loadtest023,LoadTest123,25
loadtest024,LoadTest123,26
loadtest025,LoadTest123,27
loadtest026,LoadTest123,28
loadtest027,LoadTest123,29
loadtest028,LoadTest123,30
loadtest029,LoadTest123,31
loadtest030,LoadTest123,32
loadtest031,LoadTest123,33
loadtest032,LoadTest123,34
loadtest033,LoadTest123,35
loadtest034,LoadTest123,36
loadtest035,LoadTest123,37
loadtest036,LoadTest123,38
loadtest037,LoadTest123,39
loadtest038,LoadTest123,40
loadtest039,LoadTest123,41
loadtest040,LoadTest123,42
loadtest041,LoadTest123,43
loadtest042,LoadTest123,44
loadtest043,LoadTest123,45
loadtest044,LoadTest123,46
loadtest045,LoadTest123,47
loadtest046,LoadTest123,48
loadtest047,LoadTest123,49
loadtest048,LoadTest123,50
loadtest049,LoadTest123,51
loadtest050,LoadTest123,52
loadtest051,LoadTest123,53
loadtest052,LoadTest123,54
loadtest053,LoadTest123,55
loadtest054,LoadTest123,56
loadtest055,LoadTest123,57
loadtest056,LoadTest123,58
loadtest057,LoadTest123,59
loadtest058,LoadTest123,60
loadtest059,LoadTest123,61
loadtest060,LoadTest123,62
loadtest061,LoadTest123,63
loadtest062,LoadTest123,64
loadtest063,LoadTest123,65
loadtest064,LoadTest123,66
loadtest065,LoadTest123,67
loadtest066,LoadTest123,68
loadtest067,LoadTest123,69
loadtest068,LoadTest123,70
loadtest069,LoadTest123,71
loadtest070,LoadTest123,72
loadtest071,LoadTest123,73
loadtest072,LoadTest123,74
loadtest073,LoadTest123,75
loadtest074,LoadTest123,76
loadtest075,LoadTest123,77
loadtest076,LoadTest123,78
loadtest077,LoadTest123,79
loadtest078,LoadTest123,80
loadtest079,LoadTest123,81
loadtest080,LoadTest123,82
loadtest081,LoadTest123,83
loadtest082,LoadTest123,84
loadtest083,LoadTest123,85
loadtest084,LoadTest123,86
loadtest085,LoadTest123,87
loadtest086,LoadTest123,88
loadtest087,LoadTest123,89
loadtest088,LoadTest123,90
loadtest089,LoadTest123,91
loadtest090,LoadTest123,92
loadtest091,LoadTest123,93
loadtest092,LoadTest123,94
loadtest093,LoadTest123,95
loadtest094,LoadTest123,96
loadtest095,LoadTest123,97
loadtest096,LoadTest123,98
loadtest097,LoadTest123,99
loadtest098,LoadTest123,100
loadtest099,LoadTest123,101
loadtest100,LoadTest123,102
